<?xml version="1.0" encoding="UTF-8"?>
<project-private xmlns="http://www.netbeans.org/ns/project-private/1">
    <editor-bookmarks xmlns="http://www.netbeans.org/ns/editor-bookmarks/2" lastBookmarkId="0"/>
    <open-files xmlns="http://www.netbeans.org/ns/projectui-open-files/2">
        <group>
            <file>file:/S:/%23Turma%206%20-Tec%20em%20Informática/UC-16/Academia/CodigoAtualizado/ProjetoFinalAbr2022/web/css/estiloindexcliente.css</file>
            <file>file:/S:/%23Turma%206%20-Tec%20em%20Informática/UC-16/Academia/CodigoAtualizado/ProjetoFinalAbr2022/web/cliente/loginmainc.jsp</file>
            <file>file:/S:/%23Turma%206%20-Tec%20em%20Informática/UC-16/Academia/CodigoAtualizado/ProjetoFinalAbr2022/web/cliente/indexc.jsp</file>
        </group>
    </open-files>
</project-private>
