<?xml version="1.0" encoding="UTF-8"?>
<project-private xmlns="http://www.netbeans.org/ns/project-private/1">
    <editor-bookmarks xmlns="http://www.netbeans.org/ns/editor-bookmarks/2" lastBookmarkId="0"/>
    <open-files xmlns="http://www.netbeans.org/ns/projectui-open-files/2">
        <group>
            <file>file:/C:/Users/eduee/OneDrive/Documentos/ProjetoFinalAbr2022-20.04.22/ProjetoFinalAbr2022/web/cliente/faleconoscoc.jsp</file>
            <file>file:/C:/Users/eduee/OneDrive/Documentos/ProjetoFinalAbr2022-20.04.22/ProjetoFinalAbr2022/web/admin/listarusuario.jsp</file>
            <file>file:/C:/Users/eduee/OneDrive/Documentos/ProjetoFinalAbr2022-20.04.22/ProjetoFinalAbr2022/web/admin/index.jsp</file>
            <file>file:/C:/Users/eduee/OneDrive/Documentos/ProjetoFinalAbr2022-20.04.22/ProjetoFinalAbr2022/src/java/controle/UsuarioServlet.java</file>
        </group>
    </open-files>
</project-private>
